use dandinpo_teamproject;

insert into admin (userName,password,authority) values
("admin1","123","all"),
("admin2","123","event"),
("admin3","123","account");

insert into account (address,gender,phone,email,password,userName,name) value ("台南市安平區87號","0","0912345678","tom@gmail.com","123","customer1","Liaw");
insert into customer (id) value ((select last_insert_id()));
insert into account (address,gender,phone,email,password,userName,name) value ("台北市中正區古亭站","1","0987878787","ban@yahoo.com.tw","123","customer2","Bananachen");
insert into customer (id) value ((select last_insert_id()));
insert into account (address,gender,phone,email,password,userName,name) value ("台北市中山區松江南路","0","0983657382","chickenrice@hotmail.com","123","customer3","LiYongChi");
insert into customer (id) value ((select last_insert_id()));
insert into account (address,gender,phone,email,password,userName,name) value ("台北市信義區123號","0","0968263743","nohair@gmail.com","123","business1","Aup");
insert into business (id) value ((select last_insert_id()));
insert into account (address,gender,phone,email,password,userName,name) value ("台北市萬華區摸摸茶","1","0964829156","holipoter@nogigi.com","123","business2","LiuYeanLin");
insert into business (id) value ((select last_insert_id()));
insert into account (address,gender,phone,email,password,userName,name) value ("窩不知道我住哪Peko","0","0983657256","handsome@yahoo.com","123","business3","ShenPon");
insert into business (id) value ((select last_insert_id()));

insert into product (businessId,description,name,price,status,category,uploadedDate)
values 
(4,"作者為伊莉莎白．斯特勞特，描述大多數時候的輕鬆都是短暫的。過往的恥辱靜靜碾碎我們，這就是生活。","一切皆有可能",261,"1","文學小說","2021-08-01"),
(4,"作者為恩斯特．克萊恩，為史蒂芬．史匹柏親導同名電影原著小說","一級玩家",420,"1","文學小說","2021-02-09"),
(4,"ETF是不懂選股投資人的救星，但是當ETF多到讓人眼花撩亂時，怎麼挑才對變成新難題！不敗教主陳重銘深入解析8大熱門主題式ETF，教你用簡單的方法錢滾錢，投資不用到處問明牌！","小資致富術:用主題式ETF錢滾錢",360,"1","商業理財","2021-07-20"),
(4,"暢銷超過二十年，改變數千萬人的人生！全球銷售逾40,000,000冊！《富爸爸，窮爸爸》是21世紀最偉大的理財書，想要擺脫窮、忙、困人生，你真的不能不讀！","富爸爸，窮爸爸（20週年紀念版）",380,"1","商業理財","2020-12-03"),
(4,"★ 幾米創作繪本精要大公開！★ 毛遂自薦畫插畫到出版20種外語繪本的修煉過程。★ 創作繪本、閱讀繪本、深入了解繪本的獨一無二心法寶典！★ 從畫到書、從單幅畫作到整本故事繪本的修鍊精要！","繪本的夢想與實際：幾米分享創作心得",850,"1","藝術設計","2020-04-06"),
(4,"歡迎進入 Procreate 的世界 ！無論你是數位繪畫的新手，還是擅長電繪的畫畫高手，都非常適合透過這本書，體驗用 Procreate 畫畫的樂趣。","向藝術大師學Procreate",630,"1","藝術設計","2021-02-13"),
(4,"一部西方經書如何被引用、誤讀，最後據為己用？一場宣教行動如何觸動滿漢族群問題、華洋民族意識？信仰如何成為狂熱，終於燃燒中國大半江山？","太平天國",550,"1","人文史地","2021-03-24"),
(4,"中國百年命運的劇變與滄桑民國知識分子的希望與悔恨","天安門：中國的知識分子與革命",580,"1","人文史地","2020-11-20"),
(4,"★ 榮獲2021年蓋爾伯獎（Lionel Gelber Prize）★貿易戰的問題根源不是地緣政治，也絕非國家體制之爭各國內部不同階級之間的衝突，才是加劇各國貿易失衡的病灶！","貿易戰就是階級戰",499,"1","社會科學","2021-01-08"),
(4,"星國年度TOP1暢銷熱門話題書揭開新加坡人的「家醜」，不敢公開的社會真相","不平等的樣貌",380,"1","社會科學","2021-02-22"),
(4,"「總有一個男人，會為你把傘打斜。」19則醒腦散文×24句口罩語錄×3段逆襲小說★奇幻穿越劇情開場，顛覆愛情中的童話幻想★","你這麼可愛，留給懂的人來愛",360,"1","心理勵志","2020-12-04"),
(5,"知名心理學家、百萬暢銷書作家武志紅以多年心理諮商的相關經驗深入分析每個人的童年家庭關係對他的影響讓你認識真正內心的自我","為何家會傷人：讓愛不再是負擔",490,"1","心理勵志","2020-02-10"),
(5,"Universal Waite塔羅牌最適合冥想及解讀。這副牌比傳統的Rider-Waite牌更吸引人。Pame Colman Smith的繪圖由Mary Hanson-Roberts重新上色。豐富的象徵意義更容易解讀及直觀，是全球最受塔羅占卜者推崇與使用的經典塔羅牌。","美國原裝進口韋特塔羅牌",700,"1","宗教命理","2021-02-13"),
(5,"★ 華文界塔羅三部曲黑皮書，近年來最值得期待的塔羅神作！★ 暢銷全球，女性主義權威芭芭拉．沃克經典作品★ 拍賣圈內一書難求，塔羅愛好者可遇不可求的神祕之書！★ 塔羅專家星宿老師審定‧專文導讀（占星協會會長）","塔羅密典",520,"1","宗教命理","2021-12-02"),
(5,"有一種比IQ更能預測學習成就的方法有一條通往健康、幸福、快樂的道路有一個實現成功人生的關鍵──原來就藏在我的大腦裡！","原來大腦可以這樣練",799,"1","自然科普","2020-03-26"),
(5,"線上、實體教學並重時代搭配大腦學習模式的最新教學法","大腦喜歡這樣學",420,"1","自然科普","2020-10-23"),
(5,"＼最強蔬果根莖葉求生飲食／抗流感、祛病毒、增強抵抗力！","超食用！抗病免疫力救命帖",350,"1","醫療保健","2021-06-20"),
(5,"一本家庭必備的百科型醫學手冊","圖解家庭醫學調理大全(二版)",400,"1","醫療保健","2020-06-16"),
(5,"健康跟美味有時候是矛盾的兩回事，但味蕾是可以被訓練的，能夠吃出麵包裡的真正麥香味，你的味蕾就已經成功一半了","Bonjour！初心者的手溫歐包",480,"1","飲食","2020-08-15"),
(5,"暖呼呼上菜囉！粥、飯、湯的自炊料理提案","早粥午飯晚煲湯",480,"1","飲食","2021-11-26"),
(5,"「訓練的目的不是追求器材或健檢報告上的數字，而是真正改善生活品質，能從事自己喜歡的運動，做自己喜歡的事。」","從年輕人到銀髮族都適用的強膝訓練",450,"1","生活風格","2020-06-11"),
(5,"把斷捨離的壓力，變成幸福生活的動力！東西不丟也沒關係！比起物品，更重要的是空間！","不丟東西整理術",340,"1","生活風格","2021-12-14"),
(5,"描述","探訪京都好去處：深掘滿懷憧憬的店鋪、人與景色",450,"1","旅遊","2020-11-23"),
(5,"「我覺得自己很幸運，故事會一直來找我，我只要把它們寫出來就好了。」──李易安135趟便車，35,600公里的旅程！","搭便車不是一件隨機的事",430,"1","旅遊","2021-11-09"),
(6,"光知道刷牙是不夠的！正確了解蛀牙原因和預防細菌攻擊，才能有一口潔白又亮晶晶的牙齒喔！","我的牙齒亮晶晶",320,"1","童書/青少年文學","2021-10-14"),
(6,"◎紐約時報暢銷書榜作家莫．威廉斯為孩子創作的生活認知繪本","這時候該說請！、尿尿時間到了！",700,"1","童書/青少年文學","2020-06-02"),
(6,"三年級自然110學年的自然科學參考書","國小康軒新挑戰學習評量自然科學三下(110學年)",210,"1","國中小參考書","2021-07-09"),
(6,"一年級國語110學年的國語自修","國小康軒新挑戰國語自修一下(110學年)",490,"1","國中小參考書","2021-07-14"),
(6,"為了消滅妖精，魔族軍前往最後的戰場。波狄瑪斯大量投入他的祕密兵器──光榮使者，把戰場變成地獄……但「我」不會讓他得逞！","轉生成蜘蛛又怎樣！(14)",250,"1","輕小說","2021-03-02"),
(6,"「來，我們談談吧。──因為要請妳負起殺死我的責任。」","Re:從零開始的異世界生活(24)限定版",270,"1","輕小說","2021-03-27"),
(6,"雞飛狗跳的工作情色喜劇拉開序幕！","沒聽說要做到這種地步啊！",140,"1","漫畫/圖文書","2020-12-29"),
(6,"抖S心理扭曲攝影師 × 超健全豆腐店小弟","我被性癖怪異的男人盯上了。(01)",160,"1","漫畫/圖文書","2020-05-31"),
(6,"一出版就賣到缺貨，讀者一致推薦的單字書，從單字、衍生字、近似字、重要文法說明、片語到延伸用法，一應俱全！隨書附贈超完整音檔，單字練發音×例句練聽力。","英文字彙王：基礎單字2000 Levels 1 & 2",350,"1","語言學習","2021-09-03"),
(6,"語言學是一門不斷發展、創新與突破，又高度跨領域的知識體系。長久以來，台灣需要一本既能敘說本土故事，又能引介語言研究新知的書，而本書就是這個夢想的結晶。","語言學：結構、認知與文化的探索",700,"1","語言學習","2021-12-27"),
(6,"★2021年第2次改版，收錄最新修正法條！★六大類25種法學知識(憲法+法學緒論)法規彙整！","2022法學知識搶分小法典",480,"1","考試用書","2020-06-05"),
(6,"幫你整理重要的條文與實務見解，想通過選擇題考試就靠這本！","這是一本刑法選擇題(7版)",720,"1","考試用書","2021-11-07"),
(6,"Python無所不在，在軟體建構、系統管理、資料處理等領域都可以看到它的蹤影。","為你的程式碼畫龍點睛！",720,"1","電腦資訊","2020-08-14"),
(6,"■MVP微軟最有價值專家、ITS Python國際認證講師與資深教師共同執筆","最新Python基礎必修課",450,"1","電腦資訊","2021-10-16");

insert into product_list(customerId,productId)
values
(1,1),
(1,2),
(1,3),
(2,4);

insert into organizer()values
(),
(),
();

update admin set organizerId = 1 where id = 2;
update business set organizerId = 2 where id = 4;
update business set organizerId = 3 where id = 5;

insert into event(organizerId,name,date)
values
(1,"聖誕節全館打折","2022-12-15"),
(1,"本館學術書籍打折","2022-11-15"),
(1,"萬聖節全館打折","2022-10-15"),
(2,"漫畫小說打折","2022-02-28"),
(2,"中秋節全館打折","2022-01-14"),
(2,"語言學習書籍打折","2022-12-31"),
(3,"黑色星期五","2022-05-31"),
(3,"感恩節特惠","2022-07-14"),
(3,"美國大選日!","2022-04-10");

insert into coupon(code,eventName,date,discount,maxQuantity)
values
("XMAS88","聖誕節全館打折","2022-12-13",0.88,1),
("STUDY77","聖誕節全館打折","2022-12-14",0.77,2),
("HAPPY69","本館學術書籍打折","2022-11-10",0.69,3),
("STUDYBOOK","本館學術書籍打折","2022-11-09",0.55,2),
("HALLOWEEN","萬聖節全館打折","2022-10-05",0.89,3),
("SCARY123","萬聖節全館打折","2022-10-04",0.5,4),
("COMICGOOD","漫畫小說打折","2022-02-10",0.6,3),
("ANIMATE799","漫畫小說打折","2022-02-12",0.79,4),
("MOONLOVE","中秋節全館打折","2022-01-10",0.69,5),
("MEAT88","中秋節全館打折","2022-01-12",0.95,4),
("LANGUAGE99","語言學習書籍打折","2022-12-29",0.85,5),
("LEARNING12","語言學習書籍打折","2022-12-28",0.98,6),
("BLACK13","黑色星期五","2022-05-30",0.65,4),
("FRIDAY13","黑色星期五","2022-05-29",0.75,2),
("TURKEY520","感恩節特惠","2022-07-05",0.96,3),
("THANKS11","感恩節特惠","2022-07-06",0.88,2),
("TRUMPBAD","美國大選日!","2022-04-29",0.77,5),
("OBAMA123","美國大選日!","2022-03-28",0.69,2);

insert into have(customerId,couponCode,quantity)
values
(1,"XMAS88",1),
(1,"STUDY77",2),
(1,"HAPPY69",3),
(2,"HALLOWEEN",3),
(2,"SCARY123",4),
(2,"LEARNING12",6),
(3,"TURKEY520",3),
(3,"TRUMPBAD",5),
(3,"MOONLOVE",5);

insert into orders(customerId,orderDate,quantity,discount,address,paymentInfo)value(1,"2021-12-8",3,0.99,"台北市古亭區","現金");
insert into manage(businessId,orderNo,productId)value(4,(select last_insert_id()),2);
insert into orders(customerId,orderDate,quantity,discount,address,paymentInfo)value(2,"2021-12-8",2,1,"新北市三峽區","現金");
insert into manage(businessId,orderNo,productId)value(5,(select last_insert_id()),3);
insert into orders(customerId,orderDate,quantity,discount,address,paymentInfo)value(3,"2021-12-8",1,0.77,"台灣總統府","信用卡");
insert into manage(businessId,orderNo,productId)value(6,(select last_insert_id()),4);

insert into product_comment(productId,customerId,orderNo,star,comment) value(4,3,3,5,"好書推薦");
